ID;PRODUTO;CATEGORIA;VOLUME;PRECO_TABELA_VAREJO;STATUS_ESTOQUE;PRECO_PROMOCIONAL
wh-1;Aperitivo Malt Whisky Canela Firebird;Whisky;950ml;25,00;DISPONIVEL;
wh-2;Whisky Ballantines Finest;Whisky;1L;99,00;DISPONIVEL;
wh-3;Whisky Black Stone;Whisky;1L;23,50;DISPONIVEL;
wh-4;Whisky Chivas Regal 12 Anos;Whisky;1L;170,43;DISPONIVEL;
wh-5;Whisky Jack Daniel's Apple;Whisky;1L;155,00;DISPONIVEL;
wh-6;Whisky Jack Daniel's Blackberri;Whisky;1L;165,00;DISPONIVEL;
wh-7;Whisky Jack Daniel's Fire;Whisky;1L;155,00;DISPONIVEL;
wh-8;Whisky Jack Daniel's Old Nº 7;Whisky;1L;155,00;DISPONIVEL;
wh-9;Whisky Jack Daniel's Honey;Whisky;1L;155,00;DISPONIVEL;
wh-10;Whisky Jim Beam Bourbon;Whisky;1L;119,90;DISPONIVEL;
wh-11;Whisky Johnnie Walker Black Label;Whisky;1L;179,90;DISPONIVEL;
wh-12;Whisky Johnnie Walker Red Label;Whisky;1L;99,90;DISPONIVEL;
wh-13;Whisky Natu Nobilis;Whisky;1L;55,00;DISPONIVEL;
wh-14;Whisky Passport;Whisky;1L;58,00;DISPONIVEL;
wh-15;Whisky White Horse;Whisky;1L;89,90;DISPONIVEL;
vk-1;Vodka Absolut;Vodka;1L;99,90;DISPONIVEL;
vk-2;Vodka Cîroc Original;Vodka;750ml;275,00;DISPONIVEL;
vk-3;Vodka Grey Goose;Vodka;750ml;175,00;DISPONIVEL;
vk-4;Vodka Natasha;Vodka;900ml;25,00;DISPONIVEL;
vk-5;Vodka Orloff;Vodka;1L;35,70;DISPONIVEL;
vk-6;Vodka Rajska Traditional;Vodka;1L;22,00;DISPONIVEL;
vk-7;Vodka Rajska Apple;Vodka;1L;28,00;DISPONIVEL;
vk-8;Vodka Rajska Red Fruits;Vodka;1L;28,00;DISPONIVEL;
vk-9;Vodka Smirnoff 21;Vodka;998ml;40,00;DISPONIVEL;
gn-1;Gin Gordon's London Dry;Gin & Tequila;750ml;89,90;DISPONIVEL;
gn-2;Gin Rock's Traditional;Gin & Tequila;1L;35,00;DISPONIVEL;
gn-3;Gin Rock's Strawberry;Gin & Tequila;1L;35,00;DISPONIVEL;
gn-4;Gin Seagers Original;Gin & Tequila;1L;59,00;DISPONIVEL;
gn-5;Gin Tanqueray London Dry;Gin & Tequila;750ml;133,90;DISPONIVEL;
gn-6;Tequila Jose Cuervo Reposado;Gin & Tequila;750ml;139,90;DISPONIVEL;
gn-7;Tequila Jose Cuervo Silver;Gin & Tequila;750ml;139,90;DISPONIVEL;
rm-1;Rum Bacardi Big Apple;Gin & Tequila;700ml;55,00;DISPONIVEL;
rm-2;Rum Bacardi Carta Blanca Superior;Gin & Tequila;980ml;52,50;DISPONIVEL;
rm-3;Rum Bacardi Gold;Gin & Tequila;980ml;55,00;DISPONIVEL;
rm-4;Rum Bacardi Limon;Gin & Tequila;980ml;55,00;DISPONIVEL;
rm-5;Rum Malibu Coconut;Gin & Tequila;750ml;69,90;DISPONIVEL;
rm-6;Rum Montilla Carta Cristal;Gin & Tequila;1L;36,90;DISPONIVEL;
rm-7;Rum Montilla Carta Ouro;Gin & Tequila;1L;36,90;DISPONIVEL;
rm-8;Steinhaeger Doble W;Gin & Tequila;900ml;52,90;DISPONIVEL;
lc-1;Licor 43 Diego Zamora;Licor & Aperitivo;700ml;169,90;DISPONIVEL;
lc-2;Licor Amarula Cream;Licor & Aperitivo;750ml;129,90;DISPONIVEL;
lc-3;Licor Baileys Irish Cream;Licor & Aperitivo;750ml;119,90;DISPONIVEL;
lc-4;Licor Cointreau Liqueur;Licor & Aperitivo;700ml;165,00;DISPONIVEL;
lc-5;Licor Curaçau Blue Stock;Licor & Aperitivo;720ml;48,00;DISPONIVEL;
lc-6;Licor Fireball Cinnamon;Licor & Aperitivo;750ml;115,00;DISPONIVEL;
lc-7;Licor Jagermeister Herb Liqueur;Licor & Aperitivo;700ml;139,90;DISPONIVEL;
lc-8;Licor Kahlua Coffee Liqueur;Licor & Aperitivo;1L;149,00;DISPONIVEL;
lc-9;Aperitivo Aperol;Licor & Aperitivo;750ml;59,90;DISPONIVEL;
lc-10;Aperitivo Campari Bitter;Licor & Aperitivo;998ml;59,90;DISPONIVEL;
ca-1;Cachaça 51 Pirassununga;Cachaça & Conhaque;965ml;16,50;DISPONIVEL;
ca-2;Cachaça Velho Barreiro Tradicional;Cachaça & Conhaque;910ml;16,50;DISPONIVEL;
ca-3;Cachaça Sagatiba Pura;Cachaça & Conhaque;700ml;39,90;DISPONIVEL;
ca-4;Cachaça Ypióca Prata Clássica;Cachaça & Conhaque;960ml;24,90;DISPONIVEL;
ca-5;Conhaque Dreher;Cachaça & Conhaque;900ml;19,90;DISPONIVEL;
ca-6;Conhaque Presidente;Cachaça & Conhaque;900ml;19,90;DISPONIVEL;
vm-1;Vermouth Martini Bianco;Vermouth & Bitter;750ml;44,90;DISPONIVEL;
vm-2;Vermouth Martini Rosso;Vermouth & Bitter;750ml;44,90;DISPONIVEL;
vm-3;Vermouth Martini Extra Dry;Vermouth & Bitter;750ml;44,90;DISPONIVEL;
vm-4;Bitter Underberg Digestivo;Vermouth & Bitter;20ml;14,90;DISPONIVEL;
en-1;Energético Monster Energy Tradicional;Energético & Ice;473ml;9,90;DISPONIVEL;
en-2;Energético Monster Juice Mango Loco;Energético & Ice;473ml;9,90;DISPONIVEL;
en-3;Energético Monster Energy Ultra White;Energético & Ice;473ml;9,90;DISPONIVEL;
en-4;Energético Red Bull Energy Drink;Energético & Ice;250ml;9,49;DISPONIVEL;
en-5;Energético Red Bull Sugarfree;Energético & Ice;250ml;9,49;DISPONIVEL;
en-6;Energético Red Bull Tropical Edition;Energético & Ice;250ml;11,49;DISPONIVEL;
en-7;Energético Red Bull Melancia Red Edition;Energético & Ice;250ml;11,49;DISPONIVEL;
xr-1;Xarope Monin Grenadine (Romã);Xarope & Outros;700ml;49,90;DISPONIVEL;
xr-2;Xarope Monin Blue Curaçao;Xarope & Outros;700ml;49,90;DISPONIVEL;
xr-3;Xarope Monin Maçã Verde;Xarope & Outros;700ml;49,90;DISPONIVEL;
xr-4;Xarope Monin Morango;Xarope & Outros;700ml;49,90;DISPONIVEL;
xr-5;Xarope Formula Sabores Diversos;Xarope & Outros;750ml;39,90;DISPONIVEL;
